Rk,Player,Nation,Pos,Squad,Age,Born,MP,Starts,Min,90s,Performance_Gls,Performance_Ast,Performance_G+A,Performance_G-PK,Performance_PK,Performance_PKatt,Performance_CrdY,Performance_CrdR,Expected_xG,Expected_npxG,Expected_xAG,Expected_npxG+xAG,PrgC,PrgP,PrgR,Per90Minutes_Gls,Per90Minutes_Ast,Per90Minutes_G+A,Per90Minutes_G-PK,Per90Minutes_G+A-PK,Per90Minutes_xG,Per90Minutes_xAG,Per90Minutes_xG+xAG,Per90Minutes_npxG,Per90Minutes_npxG+xAG 
1,Princess Ademiluyi,eng ENG,"MF,FW",West Ham,17,2006,11,0,87,1,0,1,1,0,0,0,0,0,0,0,0,0,2,2,11,0,1.03,1.03,0,1.03,0.03,0,0.03,0.03,0.03 
2,Michelle Agyemang,eng ENG,FW,Arsenal,17,2006,1,0,6,0.1,0,0,0,0,0,0,0,0,0,0,0,0,0,0,0,0,0,0,0,0,0,0,0,0,0 
3,Alyssa Aherne,eng ENG,MF,Everton,19,2004,1,0,1,0,0,0,0,0,0,0,0,0,0,0,0,0,0,0,0,0,0,0,0,0,0,0,0,0,0 
4,Olga Ahtinen,fi FIN,MF,Tottenham,,,16,10,923,10.3,1,2,3,1,0,0,4,0,0.4,0.4,1.2,1.6,11,71,12,0.1,0.2,0.29,0.1,0.29,0.04,0.12,0.15,0.04,0.15 
5,Asmita Ale,eng ENG,DF,Leicester City,21,2001,6,4,296,3.3,0,0,0,0,0,0,1,0,0.2,0.2,0,0.2,3,13,5,0,0,0,0,0,0.06,0,0.06,0.06,0.06 
6,Asmita Ale,eng ENG,"MF,DF",Tottenham,21,2001,5,1,131,1.5,0,0,0,0,0,0,0,0,0,0,0.1,0.1,3,8,8,0,0,0,0,0,0,0.1,0.1,0,0.1 
7,Laia Aleixandri,es ESP,DF,Manchester City,22,2000,21,21,"1,810",20.1,1,3,4,1,0,0,3,1,1.1,0.9,1.4,2.3,27,148,16,0.05,0.15,0.2,0.05,0.2,0.06,0.07,0.12,0.04,0.11 
8,Filippa Angeldahl,se SWE,MF,Manchester City,26,1997,13,8,666,7.4,0,0,0,0,0,0,2,0,1.3,1.3,0.8,2.1,8,55,57,0,0,0,0,0,0.18,0.1,0.28,0.18,0.28 
9,Mackenzie Arnold,au AUS,GK,West Ham,29,1994,19,19,"1,710",19,0,0,0,0,0,0,0,0,0,0,0,0,0,1,1,0,0,0,0,0,0,0,0,0,0 
10,Brooke Aspin,eng ENG,DF,Bristol City,18,2005,17,16,"1,368",15.2,2,0,2,2,0,0,3,0,0.7,0.7,0,0.8,0,18,1,0.13,0,0.13,0.13,0.13,0.05,0,0.05,0.05,0.05 
11,Viviane Asseyi,fr FRA,"FW,MF",West Ham,29,1993,22,22,"1,902",21.1,6,1,7,3,3,3,4,0,8.3,5.9,0.9,6.8,40,53,121,0.28,0.05,0.33,0.14,0.19,0.39,0.04,0.43,0.28,0.32 
12,Izzy Atkinson,ie IRL,"MF,FW",West Ham,22,2001,7,1,172,1.9,0,0,0,0,0,0,1,0,0.3,0.3,0,0.3,7,5,17,0,0,0,0,0,0.16,0,0.16,0.16,0.16 
13,Rosella Ayane,ma MAR,"FW,MF",Tottenham,27,1996,10,0,211,2.3,0,0,0,0,0,0,0,0,0.6,0.6,0.5,1.1,6,4,22,0,0,0,0,0,0.24,0.2,0.45,0.24,0.45 
14,Sophie Baggaley,eng ENG,GK,Brighton,26,1996,19,19,"1,710",19,0,0,0,0,0,0,0,0,0,0,0,0,0,0,0,0,0,0,0,0,0,0,0,0,0 
15,Ava Baker,eng ENG,"MF,FW",Leicester City,17,2006,8,0,99,1.1,0,0,0,0,0,0,0,0,0.4,0.4,0.1,0.5,0,2,13,0,0,0,0,0,0.34,0.09,0.42,0.34,0.42 
16,Molly Bartrip,eng ENG,DF,Tottenham,27,1996,18,16,"1,498",16.6,0,0,0,0,0,0,4,0,0,0,0.1,0.1,0,42,1,0,0,0,0,0,0,0,0,0,0 
17,Jennifer Beattie,sct SCO,DF,Arsenal,32,1991,3,2,172,1.9,0,0,0,0,0,0,0,0,0.1,0.1,0,0.1,0,4,0,0,0,0,0,0,0.06,0,0.06,0.06,0.06 
18,Agnes Beever-Jones,eng ENG,"FW,MF",Chelsea,20,2003,17,6,689,7.7,11,2,13,11,0,0,0,0,6.4,6.4,1.1,7.6,30,18,101,1.44,0.26,1.7,1.44,1.7,0.84,0.15,0.99,0.84,0.99 
19,Hanna Bennison,se SWE,MF,Everton,20,2002,20,16,"1,328",14.8,1,1,2,1,0,0,1,0,0.5,0.5,1.1,1.6,25,56,34,0.07,0.07,0.14,0.07,0.14,0.03,0.08,0.11,0.03,0.11 
20,Francesca Bentley,eng ENG,GK,Bristol City,22,2001,5,5,450,5,0,0,0,0,0,0,0,0,0,0,0,0,0,0,0,0,0,0,0,0,0,0,0,0,0 
21,Ann-Katrin Berger,de GER,GK,Chelsea,32,1990,5,5,450,5,0,0,0,0,0,0,0,0,0,0,0,0,0,0,0,0,0,0,0,0,0,0,0,0,0 
22,Marika Bergman-Lundin,se SWE,MF,West Ham,24,1999,8,0,138,1.5,0,0,0,0,0,0,1,0,0.1,0.1,0,0.1,2,1,1,0,0,0,0,0,0.07,0,0.07,0.07,0.07 
23,Guro Bergsvand,no NOR,DF,Brighton,29,1994,22,22,"1,980",22,1,0,1,1,0,0,2,0,0.8,0.8,0.2,0.9,10,53,4,0.05,0,0.05,0.05,0.05,0.03,0.01,0.04,0.03,0.04 
24,Emma Bissell,eng ENG,"FW,MF",Everton,21,2001,22,9,874,9.7,1,0,1,1,0,0,0,0,1.1,1.1,0,1.1,20,15,68,0.1,0,0.1,0.1,0.1,0.11,0,0.12,0.11,0.12 
25,Nathalie Björn,se SWE,DF,Chelsea,26,1997,9,8,734,8.2,1,2,3,1,0,0,0,0,0.3,0.3,0.4,0.8,4,40,2,0.12,0.25,0.37,0.12,0.37,0.04,0.05,0.09,0.04,0.09 
26,Nathalie Björn,se SWE,DF,Everton,26,1997,8,6,559,6.2,1,0,1,0,1,1,1,0,1,0.2,0.2,0.4,1,19,7,0.16,0,0.16,0,0,0.16,0.03,0.2,0.03,0.07 
27,Stina Blackstenius,se SWE,"FW,MF",Arsenal,27,1996,19,7,672,7.5,7,0,7,7,0,0,0,0,8.3,8.3,1.1,9.4,21,17,69,0.94,0,0.94,0.94,0.94,1.11,0.15,1.26,1.11,1.26 
28,Julie Blakstad,no NOR,"DF,MF",Manchester City,21,2001,4,1,112,1.2,0,0,0,0,0,0,0,0,0.2,0.2,0.1,0.2,3,11,8,0,0,0,0,0,0.13,0.04,0.17,0.13,0.17 
29,Laura Blindkilde,eng ENG,MF,Aston Villa,19,2003,9,8,631,7,0,0,0,0,0,0,0,0,0.1,0.1,0.5,0.6,5,19,36,0,0,0,0,0,0.02,0.06,0.08,0.02,0.08 
30,Laura Blindkilde,eng ENG,MF,Manchester City,19,2003,6,0,165,1.8,1,0,1,1,0,0,0,0,1.7,1.7,0.3,1.9,2,9,12,0.55,0,0.55,0.55,0.55,0.91,0.14,1.06,0.91,1.06 
31,Hannah Blundell,eng ENG,DF,Manchester Utd,29,1994,22,21,"1,872",20.8,1,2,3,1,0,0,2,0,0.5,0.5,0.8,1.3,24,128,58,0.05,0.1,0.14,0.05,0.14,0.03,0.04,0.06,0.03,0.06 
32,Missy Bo Kearns,eng ENG,"MF,FW",Liverpool,22,2001,20,9,914,10.2,1,1,2,1,0,0,3,0,1.8,1.8,2.1,3.9,10,25,64,0.1,0.1,0.2,0.1,0.2,0.18,0.21,0.39,0.18,0.39 
33,Gemma Bonner,eng ENG,DF,Liverpool,32,1991,20,19,"1,623",18,2,1,3,2,0,0,7,0,1,1,0.6,1.5,3,48,2,0.11,0.06,0.17,0.11,0.17,0.05,0.03,0.09,0.05,0.09 
34,CJ Bott,nz NZL,DF,Leicester City,28,1995,20,14,"1,316",14.6,0,0,0,0,0,0,2,0,0.2,0.2,0.3,0.5,33,69,27,0,0,0,0,0,0.01,0.02,0.03,0.01,0.03 
35,Ellie Brazil,eng ENG,"FW,MF",Tottenham,24,1999,3,0,35,0.4,0,0,0,0,0,0,0,0,0.1,0.1,0,0.1,3,2,7,0,0,0,0,0,0.18,0,0.18,0.18,0.18 
36,Pauline Bremer,de GER,"FW,MF",Brighton,27,1996,16,14,"1,201",13.3,2,2,4,2,0,0,0,0,1.5,1.5,2,3.4,36,28,103,0.15,0.15,0.3,0.15,0.3,0.11,0.15,0.26,0.11,0.26 
37,Millie Bright,eng ENG,DF,Chelsea,29,1993,10,10,864,9.6,1,0,1,1,0,0,0,0,1.5,1.5,1,2.5,2,52,1,0.1,0,0.1,0.1,0.1,0.15,0.1,0.26,0.15,0.26 
38,Courtney Brosnan,ie IRL,GK,Everton,27,1995,20,20,"1,800",20,0,0,0,0,0,0,2,0,0,0,0.1,0.1,0,0,0,0,0,0,0,0,0,0,0,0,0 
39,Kadeisha Buchanan,ca CAN,DF,Chelsea,27,1995,7,5,449,5,1,0,1,1,0,0,0,0,0.2,0.2,0.1,0.3,0,15,2,0.2,0,0.2,0.2,0.2,0.05,0.01,0.06,0.05,0.06 
40,Luana Bühler,ch SUI,DF,Tottenham,27,1996,16,16,"1,265",14.1,0,0,0,0,0,0,0,0,0.3,0.3,0.1,0.4,1,26,1,0,0,0,0,0,0.02,0.01,0.03,0.02,0.03 
41,Jasmine Bull,eng ENG,"DF,MF",Bristol City,20,2002,9,3,334,3.7,0,0,0,0,0,0,0,0,0,0,0,0,5,5,7,0,0,0,0,0,0,0,0,0,0 
42,Hannah Cain,wls WAL,"FW,MF",Leicester City,24,1999,8,4,452,5,0,2,2,0,0,0,2,0,0.1,0.1,1.1,1.2,16,8,32,0,0.4,0.4,0,0.4,0.03,0.22,0.25,0.03,0.25 
43,Megan Campbell,ie IRL,"MF,DF",Everton,30,1993,6,0,80,0.9,0,0,0,0,0,0,1,0,0,0,0.4,0.5,2,3,1,0,0,0,0,0,0.03,0.48,0.51,0.03,0.51 
44,Jelena Čanković,rs SRB,"MF,FW",Chelsea,27,1995,9,3,334,3.7,0,2,2,0,0,0,1,0,0.6,0.6,1,1.7,5,43,15,0,0.54,0.54,0,0.54,0.18,0.27,0.45,0.18,0.45 
45,Jorelyn Carabalí,co COL,DF,Brighton,26,1997,13,11,973,10.8,0,0,0,0,0,0,2,0,0.5,0.5,0,0.5,6,19,8,0,0,0,0,0,0.04,0,0.05,0.04,0.05 
46,Jess Carter,eng ENG,DF,Chelsea,25,1997,21,19,"1,723",19.1,0,1,1,0,0,0,2,0,0.5,0.5,0.9,1.4,12,92,5,0,0.05,0.05,0,0.05,0.02,0.05,0.07,0.02,0.07 
47,Kerstin Casparij,nl NED,DF,Manchester City,22,2000,18,11,"1,053",11.7,0,0,0,0,0,0,0,0,0.2,0.2,0.1,0.3,33,72,58,0,0,0,0,0,0.02,0.01,0.03,0.02,0.03 
48,Deyna Castellanos,ve VEN,"MF,FW",Manchester City,24,1999,5,1,142,1.6,0,0,0,0,0,0,1,0,0.3,0.3,0.3,0.6,5,13,11,0,0,0,0,0,0.19,0.17,0.36,0.19,0.36 
49,Steph Catley,au AUS,DF,Arsenal,29,1994,22,17,"1,540",17.1,1,3,4,1,0,0,0,0,1,1,2.6,3.5,26,117,84,0.06,0.18,0.23,0.06,0.23,0.06,0.15,0.21,0.06,0.21 
50,Janice Cayman,be BEL,"DF,MF",Leicester City,34,1988,21,20,"1,729",19.2,4,0,4,4,0,0,2,0,2.2,2.2,1,3.2,8,80,45,0.21,0,0.21,0.21,0.21,0.11,0.05,0.16,0.11,0.16 
51,Niamh Charles,eng ENG,"DF,MF",Chelsea,24,1999,22,22,"1,890",21,2,7,9,2,0,0,3,1,1.9,1.9,5,6.9,80,167,146,0.1,0.33,0.43,0.1,0.43,0.09,0.24,0.33,0.09,0.33 
52,Hawa Cissoko,fr FRA,DF,West Ham,26,1997,20,19,"1,620",18,1,0,1,1,0,0,8,1,0.5,0.5,0.3,0.9,14,43,7,0.06,0,0.06,0.06,0.06,0.03,0.02,0.05,0.03,0.05 
53,Jenna Clark,sct SCO,DF,Liverpool,21,2001,21,18,"1,656",18.4,1,0,1,1,0,0,2,0,1.1,1.1,0.2,1.3,6,53,2,0.05,0,0.05,0.05,0.05,0.06,0.01,0.07,0.06,0.07 
54,Olivia Clark,wls WAL,GK,Bristol City,21,2001,7,6,584,6.5,0,0,0,0,0,0,0,0,0,0,0,0,0,0,0,0,0,0,0,0,0,0,0,0,0 
55,Grace Clinton,eng ENG,"MF,FW",Tottenham,20,2003,20,20,"1,627",18.1,4,4,8,4,0,0,3,0,2.3,2.3,3.3,5.6,60,96,109,0.22,0.22,0.44,0.22,0.44,0.13,0.18,0.31,0.13,0.31 
56,Laia Codina,es ESP,DF,Arsenal,23,2000,8,5,451,5,0,0,0,0,0,0,0,0,0.3,0.3,0,0.3,2,25,2,0,0,0,0,0,0.06,0,0.06,0.06,0.06 
57,Megan Connolly,ie IRL,"DF,MF",Bristol City,26,1997,22,22,"1,930",21.4,1,1,2,1,0,0,3,0,0.2,0.2,0.8,1,3,34,6,0.05,0.05,0.09,0.05,0.09,0.01,0.04,0.05,0.01,0.05 
58,Shannon Cooke,eng ENG,DF,West Ham,23,2000,19,8,826,9.2,1,0,1,1,0,0,2,0,0.4,0.4,0,0.4,4,31,5,0.11,0,0.11,0.11,0.11,0.04,0,0.04,0.04,0.04 
59,Laura Coombs,eng ENG,MF,Manchester City,32,1991,17,14,"1,030",11.4,3,2,5,3,0,0,1,0,3.3,3.3,0.8,4.1,12,41,70,0.26,0.17,0.44,0.26,0.44,0.29,0.07,0.35,0.29,0.35 
60,Kyra Cooney-Cross,au AUS,MF,Arsenal,21,2002,14,5,547,6.1,0,2,2,0,0,0,1,0,0.2,0.2,0.8,1.1,11,41,9,0,0.33,0.33,0,0.33,0.04,0.14,0.18,0.04,0.18 
61,Rachel Corsie,sct SCO,"DF,MF",Aston Villa,33,1989,21,16,"1,489",16.5,0,2,2,0,0,0,5,0,1.4,1.4,1,2.4,2,70,8,0,0.12,0.12,0,0.12,0.08,0.06,0.15,0.08,0.15 
62,Erin Cuthbert,sct SCO,MF,Chelsea,25,1998,20,17,"1,477",16.4,4,2,6,4,0,0,1,0,3.1,3.1,2.5,5.6,20,97,42,0.24,0.12,0.37,0.24,0.37,0.19,0.15,0.34,0.19,0.34 
63,Sabrina D'Angelo,ca CAN,GK,Arsenal,30,1993,4,4,360,4,0,0,0,0,0,0,0,0,0,0,0,0,0,0,0,0,0,0,0,0,0,0,0,0,0 
64,Eleanor Dale,eng ENG,"FW,MF",Everton,21,2002,6,0,74,0.8,0,1,1,0,0,0,0,0,0.2,0.2,0.2,0.3,0,2,7,0,1.22,1.22,0,1.22,0.22,0.2,0.42,0.22,0.42 
65,Kenza Dali,fr FRA,"MF,FW",Aston Villa,32,1991,17,16,"1,423",15.8,1,2,3,1,0,0,1,0,1.2,1.2,3.3,4.5,56,111,93,0.06,0.13,0.19,0.06,0.19,0.08,0.21,0.29,0.08,0.29 
66,Rachel Daly,eng ENG,FW,Aston Villa,31,1991,20,20,"1,798",20,8,0,8,6,2,2,3,0,7.8,6.2,1.1,7.2,17,53,91,0.4,0,0.4,0.3,0.3,0.39,0.05,0.44,0.31,0.36 
67,Yana Daniels,be BEL,"FW,DF",Liverpool,31,1992,12,2,312,3.5,0,1,1,0,0,0,3,0,0.3,0.3,0.2,0.5,3,13,6,0,0.29,0.29,0,0.29,0.08,0.07,0.15,0.08,0.15 
68,Lily Dent,eng ENG,"MF,FW",Brighton,16,2006,3,0,14,0.2,0,0,0,0,0,0,0,0,0,0,0,0,0,1,1,0,0,0,0,0,0,0,0,0,0 
69,Anouk Denton,eng ENG,"DF,MF",West Ham,20,2003,15,12,"1,042",11.6,0,0,0,0,0,0,1,0,0.2,0.2,1.1,1.3,18,25,25,0,0,0,0,0,0.01,0.1,0.11,0.01,0.11 
70,Daphne van Domselaar,nl NED,GK,Aston Villa,23,2000,14,14,"1,260",14,0,0,0,0,0,0,0,0,0,0,0,0,0,0,0,0,0,0,0,0,0,0,0,0,0 
71,Denny Draper,eng ENG,"FW,MF",Leicester City,,,4,0,21,0.2,1,0,1,1,0,0,0,0,0.4,0.4,0.2,0.6,1,1,2,4.29,0,4.29,4.29,4.29,1.65,0.86,2.51,1.65,2.51 
72,Toni Duggan,eng ENG,FW,Everton,32,1991,10,1,209,2.3,0,0,0,0,0,0,0,0,0.2,0.2,0.2,0.4,1,6,12,0,0,0,0,0,0.08,0.07,0.15,0.08,0.15 
73,Mary Earps,eng ENG,GK,Manchester Utd,30,1993,22,22,"1,980",22,0,0,0,0,0,0,0,0,0,0,0,0,0,0,0,0,0,0,0,0,0,0,0,0,0 
74,Mia Enderby,eng ENG,FW,Liverpool,18,2005,14,6,557,6.2,0,1,1,0,0,0,2,0,1,1,0.8,1.8,15,7,45,0,0.16,0.16,0,0.16,0.16,0.13,0.29,0.16,0.29 
75,Bethany England,eng ENG,FW,Tottenham,29,1994,14,12,"1,010",11.2,5,0,5,5,0,0,0,0,4.9,4.9,0.4,5.3,13,23,68,0.45,0,0.45,0.45,0.45,0.43,0.04,0.47,0.43,0.47 
76,Gemma Evans,wls WAL,DF,Manchester Utd,26,1996,12,4,438,4.9,0,1,1,0,0,0,1,0,0,0,0.7,0.7,2,19,6,0,0.21,0.21,0,0.21,0,0.15,0.15,0,0.15 
77,Lisa Evans,sct SCO,"FW,MF",Bristol City,31,1992,9,3,344,3.8,0,0,0,0,0,0,0,0,0.2,0.2,0.2,0.4,8,7,19,0,0,0,0,0,0.05,0.05,0.1,0.05,0.1 
78,Lisa Evans,sct SCO,"MF,DF",West Ham,31,1992,9,8,718,8,1,1,2,1,0,0,1,0,0.2,0.2,1.4,1.6,23,26,60,0.13,0.13,0.25,0.13,0.25,0.03,0.17,0.2,0.03,0.2 
79,Nicky Evrard,be BEL,GK,Brighton,28,1995,1,1,90,1,0,0,0,0,0,0,0,0,0,0,0,0,0,0,0,0,0,0,0,0,0,0,0,0,0 
80,Niamh Fahey,ie IRL,DF,Liverpool,35,1987,8,6,524,5.8,0,1,1,0,0,0,1,0,0.2,0.2,0.3,0.6,3,9,3,0,0.17,0.17,0,0.17,0.04,0.05,0.1,0.04,0.1 
81,Melisa Filis,eng ENG,MF,West Ham,21,2002,9,2,345,3.8,0,0,0,0,0,0,1,0,0.2,0.2,0.1,0.3,0,14,9,0,0,0,0,0,0.05,0.03,0.08,0.05,0.08 
82,Megan Finnigan,eng ENG,DF,Everton,25,1998,21,21,"1,890",21,3,0,3,3,0,0,3,0,0.8,0.8,0.6,1.3,1,28,4,0.14,0,0.14,0.14,0.14,0.04,0.03,0.06,0.04,0.06 
83,Mia Fishel,us USA,FW,Chelsea,22,2001,10,4,341,3.8,1,1,2,1,0,0,0,0,1.4,1.4,1.6,2.9,8,7,41,0.26,0.26,0.53,0.26,0.53,0.36,0.41,0.77,0.36,0.77 
84,Grace Fisk,eng ENG,DF,Liverpool,25,1998,22,22,"1,935",21.5,1,1,2,1,0,0,3,0,0.5,0.5,0.6,1.2,20,94,20,0.05,0.05,0.09,0.05,0.09,0.03,0.03,0.06,0.03,0.06 
85,Keira Flannery,eng ENG,MF,West Ham,17,2005,2,0,22,0.2,0,0,0,0,0,0,0,0,0,0,0,0,1,1,1,0,0,0,0,0,0,0,0,0,0 
86,Jessie Fleming,ca CAN,"MF,FW",Chelsea,25,1998,10,4,402,4.5,1,3,4,1,0,0,1,0,1.8,1.8,1.9,3.7,13,22,19,0.22,0.67,0.9,0.22,0.9,0.39,0.43,0.82,0.39,0.82 
87,Natasha Flint,eng ENG,"FW,DF",Liverpool,26,1996,6,2,223,2.5,1,0,1,1,0,0,0,0,0.3,0.3,0,0.3,2,3,19,0.4,0,0.4,0.4,0.4,0.13,0.01,0.14,0.13,0.14 
88,Caitlin Foord,au AUS,FW,Arsenal,28,1994,22,18,"1,564",17.4,4,4,8,4,0,0,4,0,5.2,5.2,3.2,8.3,69,69,271,0.23,0.23,0.46,0.23,0.46,0.3,0.18,0.48,0.3,0.48 
89,Mary Fowler,au AUS,"FW,MF",Manchester City,20,2003,21,13,"1,174",13,4,6,10,4,0,0,0,0,2.5,2.5,5.5,7.9,39,63,162,0.31,0.46,0.77,0.31,0.77,0.19,0.42,0.61,0.19,0.61 
90,Emily Fox,us USA,DF,Arsenal,25,1998,10,9,793,8.8,0,2,2,0,0,0,0,0,0.6,0.6,2,2.6,27,88,60,0,0.23,0.23,0,0.23,0.07,0.22,0.29,0.07,0.29 
91,Rachel Furness,nir NIR,MF,Bristol City,35,1988,10,7,565,6.3,1,1,2,1,0,0,2,0,0.3,0.3,0.1,0.4,4,15,5,0.16,0.16,0.32,0.16,0.32,0.05,0.02,0.07,0.05,0.07 
92,Aurora Galli,it ITA,"MF,DF",Everton,26,1996,19,19,"1,554",17.3,3,2,5,2,1,1,2,0,1.5,0.7,0.7,1.4,16,52,24,0.17,0.12,0.29,0.12,0.23,0.09,0.04,0.13,0.04,0.08 
93,Leah Galton,eng ENG,"FW,DF",Manchester Utd,29,1994,18,13,"1,253",13.9,2,2,4,2,0,0,0,0,3.2,3.2,1.1,4.3,23,36,126,0.14,0.14,0.29,0.14,0.29,0.23,0.08,0.31,0.23,0.31 
94,Lucía García,es ESP,FW,Manchester Utd,25,1998,22,13,"1,237",13.7,3,2,5,3,0,0,3,0,4.2,4.2,1.9,6.1,41,31,153,0.22,0.15,0.36,0.22,0.36,0.31,0.13,0.44,0.31,0.44 
95,Gabrielle George,eng ENG,DF,Manchester Utd,26,1997,3,3,188,2.1,0,1,1,0,0,0,0,0,0.1,0.1,1,1,7,8,8,0,0.48,0.48,0,0.48,0.03,0.47,0.5,0.03,0.5 
96,Lee Geum-min,kr KOR,"FW,MF",Brighton,29,1994,20,7,837,9.3,2,1,3,2,0,0,3,0,1.1,1.1,0.9,2,10,35,60,0.22,0.11,0.32,0.22,0.32,0.12,0.1,0.21,0.12,0.21 
97,Geyse,br BRA,FW,Manchester Utd,25,1998,19,13,"1,114",12.4,1,2,3,1,0,0,2,0,3.4,3.4,1.6,5,83,28,110,0.08,0.16,0.24,0.08,0.24,0.27,0.13,0.4,0.27,0.4 
98,Missy Goodwin,eng ENG,"FW,MF",Leicester City,20,2003,17,8,701,7.8,1,0,1,1,0,0,0,0,0.9,0.9,1.1,2,16,16,52,0.13,0,0.13,0.13,0.13,0.12,0.14,0.26,0.12,0.26 
99,Katrina Gorry,au AUS,MF,West Ham,30,1992,7,7,542,6,0,0,0,0,0,0,1,0,0.4,0.4,0.2,0.7,11,28,14,0,0,0,0,0,0.07,0.04,0.11,0.07,0.11 
100,Kit Graham,eng ENG,"MF,FW",Tottenham,27,1995,18,4,620,6.9,0,0,0,0,0,0,2,0,0.4,0.4,0.5,0.9,9,30,14,0,0,0,0,0,0.06,0.07,0.14,0.06,0.14 
101,Lucy Graham,sct SCO,"DF,MF",Everton,26,1996,14,11,890,9.9,0,0,0,0,0,0,1,0,1.3,1.3,0.3,1.6,17,26,44,0,0,0,0,0,0.13,0.03,0.16,0.13,0.16 
102,Charlotte Grant,au AUS,DF,Tottenham,21,2001,8,5,477,5.3,0,0,0,0,0,0,2,0,0.3,0.3,0.8,1.1,10,15,18,0,0,0,0,0,0.07,0.14,0.21,0.07,0.21 
103,Josephine Green,wls WAL,DF,Leicester City,30,1993,16,11,962,10.7,0,0,0,0,0,0,5,0,0,0,0.2,0.3,18,49,6,0,0,0,0,0,0,0.02,0.02,0,0.02 
104,Alex Greenwood,eng ENG,DF,Manchester City,29,1993,20,20,"1,747",19.4,1,3,4,1,0,0,4,1,1.4,1.4,2.1,3.5,28,176,7,0.05,0.15,0.21,0.05,0.21,0.07,0.11,0.18,0.07,0.18 
105,Freya Gregory,eng ENG,"MF,DF",Aston Villa,20,2003,3,0,41,0.5,0,0,0,0,0,0,0,0,0.1,0.1,0,0.1,3,1,0,0,0,0,0,0,0.17,0,0.17,0.17,0.17 
106,Irene Guerrero,es ESP,MF,Manchester Utd,26,1996,3,0,29,0.3,0,1,1,0,0,0,0,0,0,0,0.6,0.6,0,3,3,0,3.1,3.1,0,3.1,0.07,1.75,1.82,0.07,1.82 
107,Benedicte Håland,no NOR,GK,Bristol City,25,1998,1,0,2,0,0,0,0,0,0,0,0,0,0,0,0,0,0,0,0,0,0,0,0,0,0,0,0,0,0 
108,Madison Haley,us USA,"FW,MF",Brighton,24,1998,13,6,602,6.7,1,1,2,1,0,0,2,0,1.3,1.3,0.5,1.8,11,14,28,0.15,0.15,0.3,0.15,0.3,0.2,0.07,0.27,0.2,0.27 
109,Maika Hamano,jp JPN,"FW,MF",Chelsea,19,2004,6,3,314,3.5,2,0,2,2,0,0,0,0,2.2,2.2,0.3,2.5,8,24,43,0.57,0,0.57,0.57,0.57,0.62,0.09,0.71,0.62,0.71 
110,Hannah Hampton,eng ENG,GK,Chelsea,22,2000,10,10,900,10,0,0,0,0,0,0,1,0,0,0,0,0,0,1,0,0,0,0,0,0,0,0,0,0,0 
111,Kirsty Hanson,sct SCO,FW,Aston Villa,25,1998,16,12,"1,148",12.8,0,1,1,0,0,0,2,1,1.5,1.5,2.1,3.6,65,30,127,0,0.08,0.08,0,0.08,0.12,0.16,0.28,0.12,0.28 
112,Emma Harries,eng ENG,"MF,FW",West Ham,21,2002,17,7,662,7.4,0,0,0,0,0,0,1,0,0.8,0.8,0.5,1.4,12,10,28,0,0,0,0,0,0.11,0.07,0.18,0.11,0.18 
113,Abigail Harrison,sct SCO,"FW,MF",Bristol City,25,1997,15,8,705,7.8,1,2,3,1,0,0,3,0,0.6,0.6,1,1.7,3,15,31,0.13,0.26,0.38,0.13,0.38,0.08,0.13,0.21,0.08,0.21 
114,Yui Hasegawa,jp JPN,MF,Manchester City,26,1997,22,22,"1,943",21.6,0,3,3,0,0,0,0,0,0.4,0.4,1.4,1.8,15,117,29,0,0.14,0.14,0,0.14,0.02,0.06,0.08,0.02,0.08 
115,Honoka Hayashi,jp JPN,MF,West Ham,25,1998,21,21,"1,670",18.6,2,3,5,2,0,0,0,0,1.2,1.2,1.2,2.4,10,90,26,0.11,0.16,0.27,0.11,0.27,0.06,0.07,0.13,0.06,0.13 
116,Shania Hayles,jm JAM,"MF,FW",Bristol City,23,1999,15,3,292,3.2,0,0,0,0,0,0,1,0,0.8,0.8,0.1,0.8,4,6,22,0,0,0,0,0,0.23,0.02,0.25,0.23,0.25 
117,Lauren Hemp,eng ENG,FW,Manchester City,22,2000,21,19,"1,746",19.4,11,8,19,11,0,0,4,1,6.8,6.8,7.4,14.1,80,74,235,0.57,0.41,0.98,0.57,0.98,0.35,0.38,0.73,0.35,0.73 
118,Taylor Hinds,eng ENG,"DF,MF",Liverpool,23,1999,16,15,"1,269",14.1,2,2,4,2,0,0,4,0,1.2,1.2,1.5,2.7,28,58,61,0.14,0.14,0.28,0.14,0.28,0.08,0.11,0.19,0.08,0.19 
119,Marie-Therese Höbinger,at AUT,MF,Liverpool,22,2001,22,18,"1,411",15.7,5,6,11,5,0,0,0,0,1.7,1.7,4.4,6.1,10,95,61,0.32,0.38,0.7,0.32,0.7,0.11,0.28,0.39,0.11,0.39 
120,Isabella Hobson,eng ENG,"FW,MF",Everton,15,2007,4,0,14,0.2,1,0,1,1,0,0,0,0,0.1,0.1,0,0.1,0,0,0,6.43,0,6.43,6.43,6.43,0.65,0,0.65,0.65,0.65 
121,Ceri Holland,wls WAL,"MF,FW",Liverpool,25,1997,19,18,"1,630",18.1,2,4,6,2,0,0,6,1,2.9,2.9,1.9,4.8,30,66,79,0.11,0.22,0.33,0.11,0.33,0.16,0.11,0.27,0.16,0.27 
122,Karen Holmgaard,dk DEN,"MF,DF",Everton,24,1999,13,5,479,5.3,2,0,2,2,0,0,1,0,0.4,0.4,0.5,0.9,7,18,9,0.38,0,0.38,0.38,0.38,0.08,0.1,0.18,0.08,0.18 
123,Sara Holmgaard,dk DEN,DF,Everton,24,1999,12,11,882,9.8,2,3,5,2,0,0,2,0,0.6,0.6,1.4,2,14,26,45,0.2,0.31,0.51,0.2,0.51,0.06,0.14,0.21,0.06,0.21 
124,Steph Houghton,eng ENG,"DF,MF",Manchester City,35,1988,4,0,58,0.6,0,0,0,0,0,0,0,0,0.2,0.2,0,0.2,2,10,0,0,0,0,0,0,0.27,0,0.27,0.27,0.27 
125,Sophie Howard,sct SCO,DF,Leicester City,29,1993,22,19,"1,719",19.1,1,0,1,1,0,0,2,0,0.9,0.9,0,0.9,0,46,3,0.05,0,0.05,0.05,0.05,0.05,0,0.05,0.05,0.05 
126,Lina Hurtig,se SWE,FW,Arsenal,27,1995,2,0,52,0.6,1,0,1,1,0,0,0,0,1.2,1.2,0.5,1.7,4,3,8,1.73,0,1.73,1.73,1.73,2.09,0.92,3,2.09,3 
127,Celin Ildhusøy,no NOR,"FW,MF",Tottenham,21,2001,20,19,"1,449",16.1,4,1,5,4,0,0,1,0,2.6,2.6,1.4,4,65,41,133,0.25,0.06,0.31,0.25,0.31,0.16,0.09,0.25,0.16,0.25 
128,Amanda Ilestedt,se SWE,DF,Arsenal,30,1993,12,10,945,10.5,1,0,1,1,0,0,0,0,1,0.8,0.1,0.9,5,51,6,0.1,0,0.1,0.1,0.1,0.1,0.01,0.11,0.08,0.09 
129,Sophie Ingle,wls WAL,MF,Chelsea,31,1991,14,9,843,9.4,0,3,3,0,0,0,1,0,1,1,1.9,2.9,3,79,8,0,0.32,0.32,0,0.32,0.11,0.2,0.31,0.11,0.31 
130,Angharad James,wls WAL,"DF,MF",Tottenham,29,1994,11,11,984,10.9,0,0,0,0,0,0,1,0,0.4,0.4,0.3,0.7,12,54,24,0,0,0,0,0,0.04,0.03,0.06,0.04,0.06 
131,Lauren James,eng ENG,"FW,MF",Chelsea,21,2001,16,14,"1,112",12.4,13,2,15,13,0,0,5,0,5.9,5.9,2.3,8.2,49,68,88,1.05,0.16,1.21,1.05,1.21,0.48,0.19,0.66,0.48,0.66 
132,Olivia Johnson,eng ENG,FW,Brighton,16,2007,1,0,1,0,0,0,0,0,0,0,0,0,0,0,0,0,0,0,0,0,0,0,0,0,0,0,0,0,0 
133,Carrie Jones,wls WAL,"MF,FW",Bristol City,19,2003,18,16,"1,457",16.2,3,0,3,3,0,0,1,0,2.1,2.1,0.3,2.4,24,40,49,0.19,0,0.19,0.19,0.19,0.13,0.02,0.15,0.13,0.15 
134,Khiara Keating,eng ENG,GK,Manchester City,19,2004,22,22,"1,980",22,0,0,0,0,0,0,1,0,0,0,0,0,0,0,0,0,0,0,0,0,0,0,0,0,0 
135,Chloe Kelly,eng ENG,FW,Manchester City,25,1998,21,18,"1,594",17.7,5,5,10,4,1,2,3,0,5.9,4.3,5.2,9.5,74,63,264,0.28,0.28,0.56,0.23,0.51,0.33,0.29,0.62,0.24,0.53 
136,Maya Kendall,,FW,Bristol City,,,1,0,1,0,0,0,0,0,0,0,0,0,0,0,0,0,0,0,0,0,0,0,0,0,0,0,0,0,0 
137,Alanna Kennedy,au AUS,DF,Manchester City,28,1995,17,14,"1,158",12.9,0,1,1,0,0,0,0,0,1.1,1.1,0.6,1.7,15,68,5,0,0.08,0.08,0,0.08,0.09,0.05,0.13,0.09,0.13 
138,Sam Kerr,au AUS,FW,Chelsea,29,1993,8,7,584,6.5,4,2,6,4,0,0,0,0,3.1,3.1,1.6,4.7,7,13,74,0.62,0.31,0.92,0.62,0.92,0.48,0.25,0.73,0.48,0.73 
139,Leanne Kiernan,ie IRL,FW,Liverpool,24,1999,14,4,420,4.7,5,2,7,5,0,0,0,0,2.6,2.6,1.1,3.7,14,8,42,1.07,0.43,1.5,1.07,1.5,0.56,0.24,0.8,0.56,0.8 
140,Fran Kirby,eng ENG,"MF,FW",Chelsea,30,1993,21,9,900,10,3,2,5,3,0,0,0,0,5.3,5.3,4.2,9.5,19,82,98,0.3,0.2,0.5,0.3,0.5,0.53,0.42,0.95,0.53,0.95 
141,Emma Koivisto,fi FIN,"DF,MF",Liverpool,28,1994,19,17,"1,401",15.6,2,0,2,2,0,0,2,0,2.2,2.2,0.3,2.5,21,49,67,0.13,0,0.13,0.13,0.13,0.14,0.02,0.16,0.14,0.16 
142,Lize Kop,nl NED,GK,Leicester City,25,1998,8,8,720,8,0,0,0,0,0,0,0,0,0,0,0,0,0,0,0,0,0,0,0,0,0,0,0,0,0 
143,Kathrine Kühl,dk DEN,"MF,FW",Arsenal,20,2003,2,0,6,0.1,0,0,0,0,0,0,0,0,0,0,0,0,1,0,1,0,0,0,0,0,0,0,0,0,0 
144,Kathrine Kühl,dk DEN,MF,Everton,20,2003,10,10,817,9.1,0,1,1,0,0,0,0,0,0.3,0.3,0.2,0.5,6,26,29,0,0.11,0.11,0,0.11,0.03,0.02,0.05,0.03,0.05 
145,Emma Kullberg,se SWE,DF,Brighton,31,1991,21,14,"1,321",14.7,0,0,0,0,0,0,0,0,0,0,0.1,0.2,14,62,34,0,0,0,0,0,0,0.01,0.01,0,0.01 
146,Cloé Lacasse,ca CAN,"FW,MF",Arsenal,30,1993,19,6,641,7.1,3,2,5,3,0,0,5,0,2.3,2.3,2.6,4.9,32,25,85,0.42,0.28,0.7,0.42,0.7,0.32,0.37,0.7,0.32,0.7 
147,Hayley Ladd,wls WAL,MF,Manchester Utd,29,1993,11,7,607,6.7,2,0,2,2,0,0,2,0,1,1,0.3,1.3,3,25,4,0.3,0,0.3,0.3,0.3,0.14,0.05,0.19,0.14,0.19 
148,Melissa Lawley,eng ENG,FW,Liverpool,29,1994,17,5,585,6.5,1,2,3,1,0,0,2,0,0.3,0.3,1.1,1.4,29,17,51,0.15,0.31,0.46,0.15,0.46,0.04,0.18,0.22,0.04,0.22 
149,Ashley Lawrence,ca CAN,"DF,MF",Chelsea,28,1995,18,10,968,10.8,1,0,1,1,0,0,1,0,1.1,1.1,1.3,2.4,18,67,48,0.09,0,0.09,0.09,0.09,0.1,0.12,0.22,0.1,0.22 
150,Rachael Laws,eng ENG,GK,Liverpool,32,1990,15,15,"1,350",15,0,0,0,0,0,0,0,0,0,0,0,0,0,0,0,0,0,0,0,0,0,0,0,0,0 
151,Naomi Layzell,eng ENG,DF,Bristol City,19,2004,16,15,"1,303",14.5,0,1,1,0,0,0,0,0,0.4,0.4,0.1,0.6,10,27,2,0,0.07,0.07,0,0.07,0.03,0.01,0.04,0.03,0.04 
152,Maya Le Tissier,eng ENG,DF,Manchester Utd,21,2002,22,22,"1,980",22,2,1,3,2,0,0,1,0,1.2,1.2,0.7,1.9,7,95,3,0.09,0.05,0.14,0.09,0.14,0.05,0.03,0.08,0.05,0.08 
153,Anna Leat,nz NZL,GK,Aston Villa,22,2001,7,7,543,6,0,0,0,0,0,0,0,1,0,0,0,0,0,0,0,0,0,0,0,0,0,0,0,0,0 
154,Mia Leath,,MF,Liverpool,,,1,0,1,0,0,0,0,0,0,0,0,0,0,0,0,0,0,0,0,0,0,0,0,0,0,0,0,0,0 
155,Alisha Lehmann,ch SUI,FW,Aston Villa,24,1999,15,10,661,7.3,2,0,2,2,0,0,2,0,1.7,1.7,0.2,2,4,9,55,0.27,0,0.27,0.27,0.27,0.23,0.03,0.27,0.23,0.27 
156,Janina Leitzig,de GER,GK,Leicester City,24,1999,14,14,"1,260",14,0,0,0,0,0,0,0,0,0,0,0,0,0,0,0,0,0,0,0,0,0,0,0,0,0 
157,Adriana Leon,ca CAN,FW,Aston Villa,30,1992,18,14,"1,173",13,5,3,8,5,0,0,5,0,3.3,3.3,2.9,6.2,44,15,108,0.38,0.23,0.61,0.38,0.61,0.25,0.22,0.47,0.25,0.47 
158,Melanie Leupolz,de GER,MF,Chelsea,29,1994,11,9,816,9.1,1,2,3,1,0,0,2,0,1.6,1.6,1.1,2.8,8,71,22,0.11,0.22,0.33,0.11,0.33,0.18,0.13,0.31,0.18,0.31 
159,Zhang Linyan,cn CHN,"MF,FW",Tottenham,22,2001,3,1,57,0.6,0,0,0,0,0,0,0,0,0.2,0.2,0,0.2,2,1,3,0,0,0,0,0,0.24,0,0.24,0.24,0.24 
160,Kim Little,sct SCO,MF,Arsenal,33,1990,17,14,"1,287",14.3,1,2,3,0,1,3,1,0,3.2,0.8,1.6,2.4,23,102,49,0.07,0.14,0.21,0,0.14,0.22,0.11,0.33,0.06,0.17 
161,Melina Loeck,de GER,GK,Brighton,23,2000,2,2,180,2,0,0,0,0,0,0,0,0,0,0,0,0,0,0,0,0,0,0,0,0,0,0,0,0,0 
162,Vicky Losada,es ESP,MF,Brighton,32,1991,21,20,"1,575",17.5,1,1,2,0,1,1,6,0,1.1,0.3,1.2,1.5,8,67,28,0.06,0.06,0.11,0,0.06,0.06,0.07,0.13,0.02,0.09 
163,Sofie Lundgaard,dk DEN,"MF,FW",Liverpool,21,2002,11,3,262,2.9,0,0,0,0,0,0,1,0,0.2,0.2,0.2,0.4,1,10,6,0,0,0,0,0,0.06,0.06,0.12,0.06,0.12 
164,Frida Maanum,no NOR,"MF,FW",Arsenal,24,1999,21,7,783,8.7,3,0,3,3,0,0,1,0,3.1,3.1,1.4,4.5,16,41,74,0.34,0,0.34,0.34,0.34,0.36,0.16,0.52,0.36,0.52 
165,Catarina Macario,us USA,FW,Chelsea,23,1999,8,4,359,4,1,5,6,1,0,0,0,0,1.2,1.2,3.1,4.3,13,19,45,0.25,1.25,1.5,0.25,1.5,0.31,0.77,1.08,0.31,1.08 
166,Ruby Mace,eng ENG,"MF,DF",Manchester City,19,2003,5,0,66,0.7,0,0,0,0,0,0,0,0,0.1,0.1,0.1,0.2,1,2,4,0,0,0,0,0,0.08,0.19,0.27,0.08,0.27 
167,Rikke Madsen,dk DEN,"FW,MF",Everton,25,1997,5,4,267,3,0,0,0,0,0,0,0,0,0.7,0.7,0.3,0.9,2,3,19,0,0,0,0,0,0.22,0.09,0.31,0.22,0.31 
168,Simone Magill,nir NIR,"FW,MF",Aston Villa,28,1994,14,5,483,5.4,0,1,1,0,0,0,0,0,0.3,0.3,0.4,0.7,8,6,34,0,0.19,0.19,0,0.19,0.06,0.07,0.13,0.06,0.13 
169,Melvine Malard,fr FRA,FW,Manchester Utd,23,2000,19,11,820,9.1,5,1,6,5,0,0,1,0,4.4,4.4,1.3,5.7,18,21,76,0.55,0.11,0.66,0.55,0.66,0.48,0.14,0.63,0.48,0.63 
170,Aoife Mannion,ie IRL,DF,Manchester Utd,27,1995,4,2,214,2.4,0,0,0,0,0,0,0,0,0,0,0.2,0.2,0,10,6,0,0,0,0,0,0,0.1,0.1,0,0.1 
171,Kaylan Marckese,us USA,GK,Bristol City,25,1998,4,4,314,3.5,0,0,0,0,0,0,0,0,0,0,0,0,0,0,0,0,0,0,0,0,0,0,0,0,0 
172,Noelle Maritz,ch SUI,"DF,MF",Arsenal,27,1995,8,4,396,4.4,0,0,0,0,0,0,1,0,0,0,0.4,0.4,7,27,27,0,0,0,0,0,0,0.09,0.09,0,0.09 
173,Noelle Maritz,ch SUI,DF,Aston Villa,27,1995,12,12,"1,053",11.7,0,0,0,0,0,0,2,0,0.1,0.1,0.1,0.2,12,49,23,0,0,0,0,0,0.01,0.01,0.02,0.01,0.02 
174,Jasmine Matthews,eng ENG,DF,Liverpool,30,1993,12,7,718,8,0,1,1,0,0,0,1,0,0.4,0.4,0.7,1.1,6,20,24,0,0.13,0.13,0,0.13,0.05,0.09,0.13,0.05,0.13 
175,Sarah Mayling,eng ENG,DF,Aston Villa,26,1997,21,20,"1,741",19.3,1,0,1,0,1,1,3,0,0.9,0.1,0.6,0.6,19,81,43,0.05,0,0.05,0,0,0.04,0.03,0.07,0,0.03 
176,Katie McCabe,ie IRL,DF,Arsenal,27,1995,21,19,"1,652",18.4,3,2,5,3,0,0,8,0,1.8,1.8,4.2,5.9,36,146,111,0.16,0.11,0.27,0.16,0.27,0.1,0.23,0.32,0.1,0.32 
177,Grace McEwan,,DF,Brighton,,,1,0,9,0.1,0,0,0,0,0,0,1,0,0,0,0,0,0,0,0,0,0,0,0,0,0,0,0,0,0 
178,Olivia McLoughlin,eng ENG,"MF,DF",Aston Villa,18,2004,3,0,24,0.3,0,0,0,0,0,0,0,0,0,0,0,0,1,2,0,0,0,0,0,0,0,0,0,0,0 
179,Beth Mead,eng ENG,FW,Arsenal,28,1995,20,16,"1,374",15.3,8,4,12,8,0,0,0,0,6.8,6.8,5.8,12.7,32,70,182,0.52,0.26,0.79,0.52,0.79,0.45,0.38,0.83,0.45,0.83 
180,Li Mengwen,cn CHN,DF,Brighton,28,1995,11,6,543,6,0,0,0,0,0,0,0,0,0.2,0.2,0.1,0.3,12,12,14,0,0,0,0,0,0.03,0.01,0.04,0.03,0.04 
181,Kristie Mewis,us USA,"MF,FW",West Ham,32,1991,3,0,95,1.1,0,1,1,0,0,0,0,0,0.2,0.2,0,0.2,0,6,2,0,0.95,0.95,0,0.95,0.17,0.04,0.2,0.17,0.2 
182,Teagan Micah,au AUS,GK,Liverpool,25,1997,7,7,630,7,0,0,0,0,0,0,1,0,0,0,0,0,0,0,0,0,0,0,0,0,0,0,0,0,0 
183,Vivianne Miedema,nl NED,"MF,FW",Arsenal,27,1996,9,3,290,3.2,2,1,3,2,0,0,0,0,1.8,1.8,1.1,2.9,7,20,18,0.62,0.31,0.93,0.62,0.93,0.56,0.34,0.89,0.56,0.89 
184,Hinata Miyazawa,jp JPN,"MF,FW",Manchester Utd,23,1999,12,6,532,5.9,1,1,2,1,0,0,0,0,1.2,1.2,0.9,2.1,5,26,28,0.17,0.17,0.34,0.17,0.34,0.21,0.15,0.36,0.21,0.36 
185,Maren Mjelde,no NOR,DF,Chelsea,33,1989,7,5,415,4.6,0,0,0,0,0,0,0,0,0.1,0.1,0.1,0.3,2,13,2,0,0,0,0,0,0.03,0.03,0.06,0.03,0.06 
186,Yuka Momiki,jp JPN,"MF,FW",Leicester City,27,1996,12,11,955,10.6,2,3,5,2,0,0,1,0,1.4,1.4,1.7,3.1,16,50,52,0.19,0.28,0.47,0.19,0.47,0.13,0.16,0.3,0.13,0.3 
187,Esme Morgan,eng ENG,DF,Manchester City,22,2000,9,5,537,6,0,0,0,0,0,0,0,0,0.2,0.2,0.1,0.3,6,53,10,0,0,0,0,0,0.03,0.01,0.04,0.03,0.04 
188,Ffion Morgan,wls WAL,"MF,FW",Bristol City,23,2000,22,19,"1,643",18.3,1,2,3,1,0,0,0,0,0.9,0.9,2.6,3.5,39,32,75,0.05,0.11,0.16,0.05,0.16,0.05,0.14,0.19,0.05,0.19 
189,Georgia Mullett,eng ENG,FW,Aston Villa,17,2005,6,0,90,1,0,0,0,0,0,0,0,0,0.1,0.1,0,0.1,1,1,3,0,0,0,0,0,0.05,0.03,0.08,0.05,0.08 
190,Satara Murray,jm JAM,DF,Bristol City,30,1993,4,2,167,1.9,0,0,0,0,0,0,1,0,0.1,0.1,0,0.1,0,2,0,0,0,0,0,0,0.08,0,0.08,0.08,0.08 
191,Zećira Mušović,se SWE,GK,Chelsea,27,1996,7,7,630,7,0,0,0,0,0,0,0,0,0,0,0,0,0,0,0,0,0,0,0,0,0,0,0,0,0 
192,Chloe Mustaki,ie IRL,DF,Bristol City,28,1995,6,5,451,5,0,0,0,0,0,0,0,0,0.1,0.1,0,0.1,2,10,3,0,0,0,0,0,0.01,0,0.01,0.01,0.01 
193,Lisa Naalsund,no NOR,MF,Manchester Utd,28,1995,17,11,989,11,2,2,4,2,0,0,0,0,0.7,0.7,1.9,2.5,25,62,43,0.18,0.18,0.36,0.18,0.36,0.06,0.17,0.23,0.06,0.23 
194,Fūka Nagano,jp JPN,MF,Liverpool,24,1999,21,21,"1,841",20.5,0,0,0,0,0,0,1,0,0.3,0.3,0.3,0.6,8,91,15,0,0,0,0,0,0.01,0.01,0.03,0.01,0.03 
195,Jamie-Lee Napier,sct SCO,"DF,MF",Bristol City,23,2000,19,18,"1,642",18.2,0,1,1,0,0,0,6,1,0.6,0.6,0.4,1,29,44,58,0,0.05,0.05,0,0.05,0.03,0.02,0.05,0.03,0.05 
196,Jessica Naz,eng ENG,"FW,MF",Tottenham,22,2000,22,10,"1,053",11.7,3,4,7,3,0,0,2,0,1.8,1.8,2,3.8,46,32,89,0.26,0.34,0.6,0.26,0.6,0.16,0.17,0.33,0.16,0.33 
197,Ashleigh Neville,eng ENG,DF,Tottenham,30,1993,19,18,"1,605",17.8,1,0,1,1,0,0,2,0,1.2,1.2,1.2,2.5,44,82,39,0.06,0,0.06,0.06,0.06,0.07,0.07,0.14,0.07,0.14 
198,Courtney Nevin,au AUS,"DF,MF",Leicester City,21,2002,16,13,"1,154",12.8,0,1,1,0,0,0,3,0,0.2,0.2,1.1,1.3,9,52,35,0,0.08,0.08,0,0.08,0.02,0.09,0.1,0.02,0.1 
199,Amanda Nildén,se SWE,DF,Tottenham,24,1998,10,10,828,9.2,0,1,1,0,0,0,1,0,0.9,0.9,0.8,1.7,17,34,29,0,0.11,0.11,0,0.11,0.1,0.09,0.18,0.1,0.18 
200,Jordan Nobbs,eng ENG,MF,Aston Villa,30,1992,22,17,"1,459",16.2,2,2,4,2,0,0,3,0,1.8,1.8,1.4,3.2,14,94,59,0.12,0.12,0.25,0.12,0.25,0.11,0.09,0.2,0.11,0.2 
201,Aniek Nouwen,nl NED,DF,Chelsea,24,1999,1,0,5,0.1,0,0,0,0,0,0,0,0,0,0,0.1,0.1,1,0,0,0,0,0,0,0,0,1.51,1.51,0,1.51 
202,Sjoeke Nüsken,de GER,"MF,FW",Chelsea,22,2001,21,13,"1,124",12.5,8,3,11,8,0,0,1,0,8.5,8.5,1.6,10,12,70,71,0.64,0.24,0.88,0.64,0.88,0.68,0.12,0.8,0.68,0.8 
203,Karoline Olesen,dk DEN,"MF,FW",Everton,18,2005,13,3,383,4.3,0,1,1,0,0,0,1,0,0,0,0.4,0.4,5,25,10,0,0.23,0.23,0,0.23,0,0.1,0.1,0,0.1 
204,Leila Ouahabi,es ESP,DF,Manchester City,30,1993,17,16,"1,402",15.6,1,4,5,1,0,0,2,1,0.9,0.9,1.2,2.1,8,86,62,0.06,0.26,0.32,0.06,0.32,0.06,0.08,0.13,0.06,0.13 
205,Shannon O’Brien,eng ENG,"FW,MF",Leicester City,21,2001,9,8,519,5.8,0,0,0,0,0,0,3,0,1.9,1.9,0.7,2.6,13,7,52,0,0,0,0,0,0.32,0.13,0.45,0.32,0.45 
206,Mayumi Pacheco,eng ENG,DF,Aston Villa,24,1998,18,12,"1,132",12.6,1,2,3,1,0,0,4,1,1,1,0.4,1.4,16,72,38,0.08,0.16,0.24,0.08,0.24,0.08,0.03,0.11,0.08,0.11 
207,Aimee Palmer,eng ENG,MF,Leicester City,23,2000,7,4,308,3.4,1,0,1,1,0,0,1,0,0.2,0.2,0.2,0.4,0,15,9,0.29,0,0.29,0.29,0.29,0.05,0.05,0.1,0.05,0.1 
208,Jessica Park,eng ENG,"MF,FW",Manchester City,21,2001,18,9,969,10.8,4,5,9,4,0,0,0,0,4,4,3.2,7.2,38,66,63,0.37,0.46,0.84,0.37,0.84,0.37,0.3,0.67,0.37,0.67 
209,Lucy Parker,eng ENG,"MF,DF",Aston Villa,24,1998,8,4,465,5.2,1,0,1,1,0,0,3,0,0.7,0.7,0.6,1.3,7,16,5,0.19,0,0.19,0.19,0.19,0.13,0.12,0.25,0.13,0.25 
210,Nikita Parris,eng ENG,FW,Manchester Utd,29,1994,21,16,"1,195",13.3,8,1,9,8,0,0,1,0,4.3,4.3,2,6.3,18,27,81,0.6,0.08,0.68,0.6,0.68,0.32,0.15,0.47,0.32,0.47 
211,Lucy Parry,eng ENG,"DF,MF",Liverpool,19,2004,10,3,294,3.3,0,0,0,0,0,0,0,0,0,0,0.2,0.2,13,17,12,0,0,0,0,0,0.01,0.06,0.07,0.01,0.07 
212,Anna Patten,ie IRL,DF,Aston Villa,24,1999,22,22,"1,954",21.7,1,1,2,1,0,0,3,0,1.2,1.2,0.4,1.6,8,74,8,0.05,0.05,0.09,0.05,0.09,0.05,0.02,0.07,0.05,0.07 
213,Poppy Pattinson,eng ENG,"DF,MF",Brighton,23,2000,16,15,"1,248",13.9,0,1,1,0,0,0,0,0,0.2,0.2,1.5,1.7,22,48,41,0,0.07,0.07,0,0.07,0.02,0.11,0.12,0.02,0.12 
214,Heather Payne,ie IRL,"DF,FW",Everton,23,2000,17,15,"1,337",14.9,0,0,0,0,0,0,3,0,0.2,0.2,1.8,2,46,30,66,0,0,0,0,0,0.02,0.12,0.14,0.02,0.14 
215,Emilia Pelgander,se SWE,MF,Leicester City,19,2004,8,1,121,1.3,0,0,0,0,0,0,2,0,0.1,0.1,0,0.1,2,7,6,0,0,0,0,0,0.04,0,0.04,0.04,0.04 
216,Victoria Pelova,nl NED,MF,Arsenal,24,1999,22,20,"1,551",17.2,2,5,7,2,0,0,3,0,2.9,2.9,5.5,8.5,33,115,81,0.12,0.29,0.41,0.12,0.41,0.17,0.32,0.49,0.17,0.49 
217,Ria Percival,nz NZL,"MF,FW",Tottenham,33,1989,6,2,174,1.9,1,0,1,1,0,0,0,0,0.3,0.3,0.1,0.4,1,7,4,0.52,0,0.52,0.52,0.52,0.16,0.03,0.19,0.16,0.19 
218,Ève Périsset,fr FRA,"DF,MF",Chelsea,28,1994,13,10,872,9.7,0,1,1,0,0,0,0,0,0.1,0.1,2.3,2.4,15,78,20,0,0.1,0.1,0,0.1,0.01,0.24,0.25,0.01,0.25 
219,Lena Petermann,de GER,FW,Leicester City,29,1994,20,18,"1,524",16.9,5,4,9,5,0,0,2,0,4.2,4.2,1.1,5.3,17,35,98,0.3,0.24,0.53,0.3,0.53,0.25,0.06,0.31,0.25,0.31 
220,Ramona Petzelberger,de GER,"MF,DF",Tottenham,30,1992,10,2,309,3.4,0,0,0,0,0,0,1,0,0.2,0.2,0,0.2,2,13,20,0,0,0,0,0,0.06,0.01,0.07,0.06,0.07 
221,Martina Piemonte,it ITA,"FW,MF",Everton,25,1997,19,8,848,9.4,3,1,4,3,0,0,1,0,3.7,3.7,0.4,4.2,5,25,58,0.32,0.11,0.42,0.32,0.42,0.4,0.05,0.44,0.4,0.44 
222,Tatiana Pinto,pt POR,"MF,FW",Brighton,29,1994,20,8,823,9.1,2,0,2,2,0,0,4,0,2,2,0.5,2.5,16,37,32,0.22,0,0.22,0.22,0.22,0.22,0.06,0.28,0.22,0.28 
223,Sophia Poor,eng ENG,GK,Aston Villa,17,2006,2,1,176,2,0,0,0,0,0,0,0,0,0,0,0,0,0,0,0,0,0,0,0,0,0,0,0,0,0 
224,Ella Powell,wls WAL,DF,Bristol City,23,2000,20,18,"1,478",16.4,1,0,1,1,0,0,3,0,0.6,0.6,0.4,0.9,25,39,24,0.06,0,0.06,0.06,0.06,0.03,0.02,0.06,0.03,0.06 
225,Mayra Ramírez,co COL,FW,Chelsea,24,1999,7,4,369,4.1,3,2,5,3,0,0,0,0,2.4,2.4,2.1,4.4,14,12,39,0.73,0.49,1.22,0.73,1.22,0.58,0.5,1.08,0.58,1.08 
226,Emily Ramsey,eng ENG,GK,Everton,22,2000,2,2,180,2,0,0,0,0,0,0,0,0,0,0,0,0,0,0,0,0,0,0,0,0,0,0,0,0,0 
227,Jutta Rantala,fi FIN,"MF,FW",Leicester City,23,1999,22,20,"1,761",19.6,6,5,11,6,0,0,1,0,4.4,4.4,3.6,8,48,88,123,0.31,0.26,0.56,0.31,0.56,0.23,0.18,0.41,0.23,0.41 
228,Katie Reid,eng ENG,DF,Arsenal,16,2006,1,0,4,0,0,0,0,0,0,0,0,0,0,0,0.2,0.2,1,1,0,0,0,0,0,0,0,4.24,4.24,0,4.24 
229,Guro Reiten,no NOR,"FW,MF",Chelsea,29,1994,16,12,"1,048",11.6,7,5,12,4,3,3,0,0,6.2,3.8,5.2,9,25,43,152,0.6,0.43,1.03,0.34,0.77,0.53,0.45,0.98,0.33,0.78 
230,Jayde Riviere,ca CAN,DF,Manchester Utd,22,2001,15,12,"1,117",12.4,0,1,1,0,0,0,3,0,0.1,0.1,1.8,1.9,20,56,39,0,0.08,0.08,0,0.08,0.01,0.15,0.16,0.01,0.16 
231,Katie Robinson,eng ENG,"FW,MF",Brighton,20,2002,22,18,"1,576",17.5,3,2,5,3,0,0,0,0,1.5,1.5,1.9,3.4,49,30,96,0.17,0.11,0.29,0.17,0.29,0.09,0.11,0.19,0.09,0.19 
232,Amy Rodgers,sct SCO,MF,Bristol City,23,2000,22,22,"1,932",21.5,1,0,1,1,0,0,3,0,1,1,0.5,1.5,8,56,12,0.05,0,0.05,0.05,0.05,0.04,0.02,0.07,0.04,0.07 
233,Sophie Román Haug,no NOR,FW,Liverpool,24,1999,20,19,"1,618",18,7,2,9,7,0,0,1,0,6.5,6.5,3.7,10.2,8,50,88,0.39,0.11,0.5,0.39,0.5,0.36,0.21,0.57,0.36,0.57 
234,Jill Roord,nl NED,MF,Manchester City,26,1997,11,11,912,10.1,6,2,8,6,0,0,2,0,4.6,4.6,1,5.6,12,65,53,0.59,0.2,0.79,0.59,0.79,0.45,0.1,0.55,0.45,0.55 
235,Deanne Rose,ca CAN,"MF,FW",Leicester City,24,1999,15,4,576,6.4,0,1,1,0,0,0,0,0,0.9,0.9,0.9,1.8,23,11,58,0,0.16,0.16,0,0.16,0.14,0.14,0.28,0.14,0.28 
236,Charlize Rule,au AUS,"MF,DF",Brighton,20,2003,9,3,403,4.5,0,0,0,0,0,0,0,0,0.1,0.1,0.1,0.2,10,16,10,0,0,0,0,0,0.02,0.03,0.04,0.02,0.04 
237,Alessia Russo,eng ENG,"FW,MF",Arsenal,24,1999,22,20,"1,727",19.2,12,4,16,11,1,1,2,0,12.3,11.5,3.1,14.6,34,56,153,0.63,0.21,0.83,0.57,0.78,0.64,0.16,0.8,0.6,0.76 
238,Johanna Rytting Kaneryd,se SWE,"FW,MF",Chelsea,26,1997,19,13,"1,167",13,4,6,10,4,0,0,0,0,4,4,3.9,7.8,53,49,151,0.31,0.46,0.77,0.31,0.77,0.31,0.3,0.6,0.31,0.6 
239,Ebony Salmon,eng ENG,"FW,MF",Aston Villa,22,2001,18,5,568,6.3,3,1,4,3,0,0,0,0,1.2,1.2,0.9,2,13,10,51,0.48,0.16,0.63,0.48,0.63,0.18,0.14,0.32,0.18,0.32 
240,Shanice van de Sanden,nl NED,FW,Liverpool,30,1992,10,5,508,5.6,1,0,1,1,0,0,1,0,1.6,1.6,0.1,1.8,10,10,58,0.18,0,0.18,0.18,0.18,0.29,0.02,0.31,0.29,0.31 
241,Veatriki Sarri,gr GRE,"FW,MF",Brighton,25,1998,19,9,768,8.5,0,2,2,0,0,0,1,0,1.3,1.3,0.6,2,21,16,52,0,0.23,0.23,0,0.23,0.16,0.08,0.23,0.16,0.23 
242,Macy Settle,,MF,Everton,,,1,0,1,0,0,0,0,0,0,0,0,0,0,0,0,0,0,0,0,0,0,0,0,0,0,0,0,0,0 
243,Khadija Shaw,jm JAM,FW,Manchester City,26,1997,18,17,"1,383",15.4,21,3,24,21,0,1,0,0,11.9,11,2.1,13.2,27,45,97,1.37,0.2,1.56,1.37,1.56,0.77,0.14,0.91,0.72,0.86 
244,Zara Shaw,eng ENG,MF,Liverpool,16,2007,1,0,15,0.2,0,0,0,0,0,0,0,0,0,0,0,0,0,1,0,0,0,0,0,0,0,0,0,0,0 
245,Risa Shimizu,jp JPN,"DF,MF",West Ham,27,1996,22,22,"1,980",22,1,0,1,1,0,0,3,0,0.4,0.4,0.6,1,11,97,28,0.05,0,0.05,0.05,0.05,0.02,0.03,0.05,0.02,0.05 
246,Wang Shuang,cn CHN,"MF,FW",Tottenham,28,1995,6,0,144,1.6,0,0,0,0,0,0,1,0,0.6,0.6,0.5,1.1,4,11,16,0,0,0,0,0,0.38,0.28,0.67,0.38,0.67 
247,Remy Siemsen,au AUS,"FW,DF",Leicester City,23,1999,6,0,94,1,0,0,0,0,0,0,0,0,0,0,0,0,0,4,7,0,0,0,0,0,0,0,0,0,0 
248,Jessica Simpson,eng ENG,DF,Bristol City,18,2005,1,0,5,0.1,0,0,0,0,0,0,0,0,0,0,0,0,0,0,0,0,0,0,0,0,0,0,0,0,0 
249,Fearne Slocombe,eng ENG,DF,Bristol City,16,2006,1,0,1,0,0,0,0,0,0,0,0,0,0,0,0,0,1,0,1,0,0,0,0,0,0,0,0,0,0 
250,Kirsty Smith,sct SCO,"DF,MF",West Ham,29,1994,22,22,"1,957",21.7,1,0,1,1,0,0,4,0,1.5,1.5,1.5,3,32,65,66,0.05,0,0.05,0.05,0.05,0.07,0.07,0.14,0.07,0.14 
251,Emma Snerle,dk DEN,"MF,FW",West Ham,22,2001,11,5,513,5.7,0,1,1,0,0,0,1,0,0.2,0.2,0.6,0.8,5,16,16,0,0.18,0.18,0,0.18,0.03,0.11,0.13,0.03,0.13 
252,Katja Snoeijs,nl NED,"FW,MF",Everton,26,1996,19,17,"1,519",16.9,3,1,4,3,0,0,3,0,3.4,3.4,2,5.5,22,36,58,0.18,0.06,0.24,0.18,0.24,0.2,0.12,0.32,0.2,0.32 
253,Drew Spence,jm JAM,"MF,FW",Tottenham,30,1992,12,9,687,7.6,2,3,5,2,0,0,3,0,2.6,2.6,2.9,5.5,15,46,33,0.26,0.39,0.66,0.26,0.66,0.34,0.38,0.72,0.34,0.72 
254,Rebecca Spencer,jm JAM,GK,Tottenham,32,1991,16,16,"1,440",16,0,0,0,0,0,0,0,0,0,0,0,0,0,0,0,0,0,0,0,0,0,0,0,0,0 
255,Lucy Staniforth,eng ENG,MF,Aston Villa,30,1992,11,8,738,8.2,0,1,1,0,0,0,0,0,0.2,0.2,0.6,0.7,4,46,20,0,0.12,0.12,0,0.12,0.02,0.07,0.09,0.02,0.09 
256,Jessie Stapleton,ie IRL,DF,West Ham,18,2005,1,0,1,0,0,0,0,0,0,0,0,0,0,0,0,0,0,0,0,0,0,0,0,0,0,0,0,0,0 
257,Dejana Stefanović,rs SRB,"MF,FW",Brighton,26,1997,2,0,27,0.3,0,0,0,0,0,0,0,0,0,0,0,0,0,2,0,0,0,0,0,0,0,0,0,0,0 
258,Elise Stenevik,no NOR,DF,Everton,23,1999,11,11,972,10.8,1,0,1,1,0,0,5,1,0.5,0.5,0.6,1.2,11,39,7,0.09,0,0.09,0.09,0.09,0.05,0.06,0.11,0.05,0.11 
259,Demi Stokes,eng ENG,"DF,FW",Manchester City,31,1991,4,0,31,0.3,0,0,0,0,0,0,0,0,0,0,0,0,2,1,4,0,0,0,0,0,0,0,0,0,0 
260,Sarah Stratigakis,ca CAN,"MF,DF",Bristol City,24,1999,6,1,193,2.1,0,0,0,0,0,0,0,0,0.1,0.1,0,0.1,2,5,3,0,0,0,0,0,0.06,0,0.06,0.06,0.06 
261,Abbey-Leigh Stringer,eng ENG,MF,West Ham,28,1995,8,7,625,6.9,0,0,0,0,0,0,2,0,0.1,0.1,0.1,0.2,0,17,5,0,0,0,0,0,0.01,0.02,0.03,0.01,0.03 
262,Sille Struck,,DF,Bristol City,24,1998,9,8,603,6.7,0,0,0,0,0,0,0,0,0.1,0.1,0,0.1,0,11,2,0,0,0,0,0,0.01,0,0.01,0.01,0.01 
263,Eveliina Summanen,fi FIN,MF,Tottenham,25,1998,20,20,"1,705",18.9,1,4,5,1,0,0,2,0,0.7,0.7,2.2,2.9,8,107,17,0.05,0.21,0.26,0.05,0.26,0.03,0.12,0.15,0.03,0.15 
264,Emily Syme,eng ENG,MF,Bristol City,23,2000,22,11,"1,027",11.4,0,1,1,0,0,0,0,0,0.4,0.4,0.7,1.1,11,22,19,0,0.09,0.09,0,0.09,0.04,0.06,0.09,0.04,0.09 
265,Maisie Symonds,eng ENG,MF,Brighton,20,2003,20,9,888,9.9,0,3,3,0,0,0,3,0,0.4,0.4,2.4,2.9,6,40,19,0,0.3,0.3,0,0.3,0.05,0.24,0.29,0.05,0.29 
266,Nicoline Sørensen,dk DEN,"FW,MF",Everton,25,1997,9,8,646,7.2,0,0,0,0,0,0,0,0,1,1,0.2,1.2,21,19,51,0,0,0,0,0,0.14,0.03,0.17,0.14,0.17 
267,Saori Takarada,jp JPN,MF,Leicester City,23,1999,12,11,964,10.7,1,1,2,1,0,0,1,0,1.1,1.1,0.7,1.8,3,68,10,0.09,0.09,0.19,0.09,0.19,0.1,0.07,0.17,0.1,0.17 
268,Miri Taylor,eng ENG,"FW,MF",Liverpool,23,2000,3,1,82,0.9,1,0,1,1,0,0,0,0,0.3,0.3,0,0.3,0,1,8,1.1,0,1.1,1.1,1.1,0.32,0,0.32,0.32,0.32 
269,Miri Taylor,eng ENG,MF,Aston Villa,23,2000,8,4,281,3.1,0,0,0,0,0,0,1,0,0.1,0.1,0,0.1,3,12,0,0,0,0,0,0,0.03,0.01,0.04,0.03,0.04 
270,Tianna Teisar,wls WAL,FW,Bristol City,17,2005,1,0,12,0.1,0,0,0,0,0,0,0,0,0,0,0,0,0,1,0,0,0,0,0,0,0,0,0,0,0 
271,Elisabeth Terland,no NOR,FW,Brighton,22,2001,22,21,"1,782",19.8,13,1,14,13,0,0,3,0,8.3,8.3,0.6,8.9,28,38,81,0.66,0.05,0.71,0.66,0.71,0.42,0.03,0.45,0.42,0.45 
272,Amalie Thestrup,dk DEN,"FW,MF",Bristol City,28,1995,22,22,"1,866",20.7,9,0,9,7,2,2,1,0,6.9,5.3,1,6.3,16,19,55,0.43,0,0.43,0.34,0.34,0.33,0.05,0.38,0.26,0.3 
273,Julie Thibaud,fr FRA,DF,Leicester City,25,1998,20,17,"1,494",16.6,0,0,0,0,0,0,3,0,0.5,0.5,0.5,1,9,60,5,0,0,0,0,0,0.03,0.03,0.06,0.03,0.06 
274,Martha Thomas,sct SCO,FW,Tottenham,27,1996,19,17,"1,371",15.2,7,3,10,7,0,0,3,0,6.2,6.2,1.3,7.4,26,26,95,0.46,0.2,0.66,0.46,0.66,0.4,0.08,0.49,0.4,0.49 
275,Maria Thorisdottir,no NOR,DF,Brighton,30,1993,20,19,"1,661",18.5,0,2,2,0,0,0,3,0,0,0,0.8,0.8,4,39,0,0,0.11,0.11,0,0.11,0,0.04,0.04,0,0.04 
276,Samantha Tierney,eng ENG,MF,Leicester City,24,1998,22,22,"1,980",22,3,3,6,3,0,0,2,0,2.8,2.8,2.5,5.4,16,87,74,0.14,0.14,0.27,0.14,0.27,0.13,0.11,0.24,0.13,0.24 
277,Ella Toone,eng ENG,MF,Manchester Utd,23,1999,22,20,"1,726",19.2,6,4,10,6,0,0,1,0,3.5,3.5,2.8,6.3,29,138,121,0.31,0.21,0.52,0.31,0.52,0.18,0.15,0.33,0.18,0.33 
278,Amy Turner,eng ENG,DF,Tottenham,32,1991,14,12,"1,162",12.9,1,0,1,1,0,0,0,0,0.4,0.4,0.1,0.5,1,23,2,0.08,0,0.08,0.08,0.08,0.03,0.01,0.04,0.03,0.04 
279,Danielle Turner,eng ENG,DF,Aston Villa,31,1991,18,15,"1,343",14.9,1,0,1,1,0,0,1,0,0.4,0.4,0.2,0.6,5,42,4,0.07,0,0.07,0.07,0.07,0.03,0.02,0.04,0.03,0.04 
280,Millie Turner,eng ENG,DF,Manchester Utd,27,1996,22,22,"1,931",21.5,2,1,3,2,0,0,2,0,2.3,2.3,0.2,2.5,4,72,5,0.09,0.05,0.14,0.09,0.14,0.11,0.01,0.12,0.11,0.12 
281,Amber Tysiak,be BEL,DF,West Ham,23,2000,17,16,"1,421",15.8,1,0,1,1,0,0,2,0,0.7,0.7,0.2,0.8,2,20,0,0.06,0,0.06,0.06,0.06,0.04,0.01,0.05,0.04,0.05 
282,Riko Ueki,jp JPN,FW,West Ham,24,1999,22,22,"1,868",20.8,6,1,7,6,0,0,4,0,6.2,6.2,1.5,7.7,36,41,137,0.29,0.05,0.34,0.29,0.34,0.3,0.07,0.37,0.3,0.37 
283,Justine Vanhaevermaet,be BEL,"DF,MF",Everton,31,1992,19,17,"1,509",16.8,1,0,1,1,0,1,3,0,3.2,2.4,0.5,2.9,7,57,8,0.06,0,0.06,0.06,0.06,0.19,0.03,0.22,0.14,0.17 
284,Katrine Veje,dk DEN,DF,Everton,32,1991,13,9,866,9.6,0,2,2,0,0,0,0,0,0.1,0.1,1.1,1.2,17,42,14,0,0.21,0.21,0,0.21,0.01,0.12,0.13,0.01,0.13 
285,Matilda Vinberg,se SWE,"FW,MF",Tottenham,20,2003,11,4,357,4,1,1,2,1,0,0,1,0,1.2,1.2,1,2.2,13,10,31,0.25,0.25,0.5,0.25,0.5,0.3,0.25,0.55,0.3,0.55 
286,Barbora Votíková,cz CZE,GK,Tottenham,26,1996,6,6,540,6,0,0,0,0,0,0,1,0,0,0,0,0,0,0,0,0,0,0,0,0,0,0,0,0,0 
287,Megan Walsh,ie IRL,GK,West Ham,28,1994,3,3,270,3,0,0,0,0,0,0,0,0,0,0,0,0,0,0,0,0,0,0,0,0,0,0,0,0,0 
288,Lia Wälti,ch SUI,MF,Arsenal,30,1993,15,13,"1,148",12.8,0,3,3,0,0,0,2,0,0.4,0.4,0.7,1.1,7,96,18,0,0.24,0.24,0,0.24,0.03,0.06,0.09,0.03,0.09 
289,Mari Ward,eng ENG,"MF,DF",Bristol City,17,2006,21,1,468,5.2,0,0,0,0,0,0,1,0,0.2,0.2,0.1,0.3,6,18,23,0,0,0,0,0,0.05,0.02,0.07,0.05,0.07 
290,Clare Wheeler,au AUS,"MF,DF",Everton,25,1998,22,19,"1,794",19.9,0,1,1,0,0,0,1,0,0.1,0.1,0.4,0.5,16,55,26,0,0.05,0.05,0,0.05,0,0.02,0.02,0,0.02 
291,Aileen Whelan,eng ENG,"FW,MF",Leicester City,31,1991,19,11,"1,055",11.7,1,1,2,1,0,0,1,0,1.6,1.6,1.3,2.8,9,26,66,0.09,0.09,0.17,0.09,0.17,0.13,0.11,0.24,0.13,0.24 
292,Laura Wienroither,at AUT,DF,Arsenal,24,1999,4,0,43,0.5,0,0,0,0,0,0,0,0,0.2,0.2,0,0.2,1,5,14,0,0,0,0,0,0.31,0,0.31,0.31,0.31 
293,Annie Wilding,eng ENG,DF,Everton,19,2004,1,0,6,0.1,0,0,0,0,0,0,0,0,0,0,0,0,0,0,0,0,0,0,0,0,0,0,0,0,0 
294,Rachel Williams,eng ENG,FW,Manchester Utd,35,1988,21,2,578,6.4,5,1,6,5,0,0,1,0,4.1,4.1,0.8,4.9,2,12,26,0.78,0.16,0.93,0.78,0.93,0.64,0.12,0.77,0.64,0.77 
295,Leah Williamson,eng ENG,DF,Arsenal,26,1997,9,8,644,7.2,0,0,0,0,0,0,0,0,0.3,0.3,0.4,0.7,18,92,5,0,0,0,0,0,0.04,0.06,0.09,0.04,0.09 
296,Jessica Wooley,eng ENG,MF,Bristol City,22,2001,1,0,4,0,0,0,0,0,0,0,0,0,0,0,0,0,1,0,0,0,0,0,0,0,0,0,0,0,0 
297,Lotte Wubben-Moy,eng ENG,DF,Arsenal,24,1999,18,17,"1,512",16.8,1,0,1,1,0,0,4,0,1.8,1.8,0.2,2.1,10,134,6,0.06,0,0.06,0.06,0.06,0.11,0.01,0.12,0.11,0.12 
298,Shae Yanez,us USA,GK,Bristol City,26,1997,7,7,630,7,0,0,0,0,0,0,1,0,0,0,0,0,0,0,0,0,0,0,0,0,0,0,0,0,0 
299,Shelina Zadorsky,ca CAN,DF,West Ham,30,1992,9,8,711,7.9,0,0,0,0,0,0,0,0,0,0,0.1,0.1,3,16,4,0,0,0,0,0,0.01,0.01,0.02,0.01,0.02 
300,Shelina Zadorsky,ca CAN,DF,Tottenham,30,1992,2,1,118,1.3,0,0,0,0,0,0,0,0,0,0,0,0,1,2,1,0,0,0,0,0,0,0,0,0,0 
301,Katie Zelem,eng ENG,MF,Manchester Utd,27,1996,22,22,"1,980",22,1,6,7,0,1,1,3,0,1.6,0.8,5.9,6.7,3,152,34,0.05,0.27,0.32,0,0.27,0.07,0.27,0.34,0.04,0.3 
302,Julia Zigiotti Olme,se SWE,MF,Brighton,25,1997,20,18,"1,568",17.4,0,1,1,0,0,0,3,0,0.5,0.5,1,1.5,9,89,29,0,0.06,0.06,0,0.06,0.03,0.06,0.09,0.03,0.09 
303,Manuela Zinsberger,at AUT,GK,Arsenal,27,1995,18,18,"1,620",18,0,0,0,0,0,0,0,0,0,0,0,0,0,1,0,0,0,0,0,0,0,0,0,0,0 
304,Jessica Ziu,ie IRL,"MF,FW",West Ham,21,2002,16,11,882,9.8,0,1,1,0,0,0,1,0,0.8,0.8,3,3.8,19,29,44,0,0.1,0.1,0,0.1,0.09,0.3,0.39,0.09,0.39 
